{"data_time": 0.16022339864419058, "time": 0.24277302183401891}